"id","predicted_class"
1,"PD"
2,"PD"
3,"PD"
4,"PD"
5,"PD"
6,"NoPD"
7,"PD"
8,"NoPD"
9,"PD"
10,"PD"
11,"NoPD"
12,"NoPD"
13,"NoPD"
14,"PD"
15,"PD"
16,"PD"
17,"PD"
18,"PD"
19,"PD"
20,"PD"
21,"PD"
22,"PD"
23,"NoPD"
24,"PD"
25,"NoPD"
26,"PD"
27,"PD"
28,"PD"
29,"PD"
30,"PD"
31,"NoPD"
32,"NoPD"
33,"PD"
34,"PD"
35,"PD"
36,"PD"
37,"PD"
38,"NoPD"
39,"NoPD"
40,"PD"
41,"PD"
42,"PD"
43,"PD"
44,"PD"
45,"PD"
46,"PD"
47,"NoPD"
48,"PD"
49,"PD"
50,"NoPD"
51,"PD"
